word,freq
the,1401
of,928
to,670
and,632
in,579
we,406
that,320
for,315
code,310
is,290
are,215
on,201
as,191
this,186
or,164
changes,157
our,146
be,142
with,132
by,131
software,127
bug,127
have,120
not,118
fix,113
from,113
clone,108
clones,107
function,105
change,96
source,91
number,89
each,87
cvs,86
which,86
it,86
these,85
an,83
patterns,83
if,83
can,81
how,79
students,76
functions,76
may,75
tool,74
figure,71
between,68
were,67
was,67
pattern,67
they,65
one,64
data,64
information,63
two,63
work,63
student,63
analysis,63
has,63
versions,63
all,62
version,61
at,58
project,57
used,56
been,56
inducing,56
more,54
after,53
system,53
12,52
program,52
called,51
when,50
results,50
evolution,49
10,48
repository,48
programmers,47
many,46
type,46
their,46
file,46
using,46
instances,44
such,43
features,43
based,43
2004,42
grade,42
but,42
only,42
same,41
lines,41
new,41
do,40
also,40
out,39
about,38
11,38
line,38
some,38
other,38
example,37
than,36
found,36
time,36
transactions,35
rules,34
total,34
would,33
well,33
use,33
into,33
genealogy,33
database,33
feature,33
changed,32
there,32
eclipse,32
report,32
added,31
20,31
first,31
fixes,30
because,30
tests,30
class,30
approach,30
group,30
test,29
proceedings,29
no,29
history,29
both,29
over,29
different,29
computer,28
third,28
bugs,28
identify,28
projects,28
repositories,28
specific,27
will,27
programming,27
table,27
level,27
mining,26
science,26
grades,26
ast,26
set,26
did,25
variables,25
genealogies,25
mozilla,25
international,25
files,25
shows,24
revision,24
need,24
http,24
release,24
systems,24
while,24
types,24
applied,23
fixed,23
unique,23
section,23
them,23
confidence,23
instance,23
large,23
written,23
later,22
made,22
semantic,22
16,22
variable,22
automatically,22
study,22
snippets,22
conference,22
global,22
error,22
most,22
related,22
size,21
syntactic,21
17,21
25,21
often,21
course,21
link,21
bugzilla,21
programs,21
acm,21
mutual,21
where,21
times,20
log,20
part,20
01,20
05,20
14,20
30,20
pages,20
links,20
engineering,20
then,20
tools,20
design,20
2005,20
find,20
copied,20
copies,20
any,20
see,20
refactoring,20
similar,19
what,19
who,19
carol,19
call,19
significant,19
name,19
developers,19
deletions,19
particular,18
static,18
13,18
cs,18
very,18
so,18
org,18
functionality,18
small,18
during,18
warnings,18
usage,18
control,18
top,17
additions,17
does,17
provide,17
final,17
make,17
23,17
java,17
locally,17
al,17
copy,17
openssh,17
thus,17
even,17
locate,17
conditionally,17
2003,17
python,17
int,17
its,17
future,17
matching,17
case,17
apache,17
order,16
03,16
18,16
19,16
include,16
vsftpd,16
snapshots,16
re,16
up,16
names,16
detectors,16
process,16
habits,16
high,16
dnsjava,16
maintenance,15
beginpaint,15
text,15
snapshot,15
net,15
foo,15
second,15
www,15
us,15
like,15
correlation,15
must,15
could,15
able,15
present,15
every,15
space,15
paper,15
local,15
show,15
struct,14
product,14
reported,14
dsu,14
consistently,14
40,14
endpaint,14
contains,14
identifying,14
transaction,14
had,14
consistent,14
workshop,14
since,14
abstract,14
cannot,14
bottom,14
performance,14
unit,14
detection,14
unfactorable,14
simple,14
developer,14
pairs,14
should,14
hard,13
university,13
three,13
cloning,13
22,13
50,13
programmer,13
statistics,13
deleted,13
de,13
et,13
ex,13
heap,13
allows,13
determine,13
support,13
suspect,13
per,13
pmd,13
given,13
pro,13
tion,13
localnamemap,13
consider,13
snippet,13
finding,13
update,13
linux,13
those,13
renamings,13
however,13
100,13
following,13
identical,12
ieee,12
day,12
average,12
permission,12
quality,12
24,12
60,12
70,12
msr,12
detector,12
running,12
describe,12
research,12
fee,12
diff,12
looking,12
fk,12
likely,12
single,12
techniques,12
identified,12
marmoset,12
detect,12
ing,12
references,12
errors,12
match,12
check,11
provides,11
flow,11
low,11
created,11
rather,11
21,11
relationship,11
32,11
37,11
fields,11
categories,11
user,11
ra,11
cases,11
previous,11
problem,11
distribution,11
understand,11
violations,11
applications,11
before,11
prior,11
problems,11
comment,11
network,11
testing,11
globalnamemap,11
modified,11
assignments,11
dead,11
several,11
interesting,11
object,10
provided,10
multiple,10
syntax,10
successive,10
full,10
whose,10
graph,10
statistically,10
usa,10
00,10
26,10
41,10
open,10
common,10
histories,10
80,10
across,10
edu,10
least,10
generated,10
stored,10
gall,10
addition,10
old,10
help,10
without,10
changing,10
whether,10
followed,10
last,10
fact,10
normalized,10
public,10
track,10
definitions,10
close,10
message,10
extracted,10
developed,10
revisions,10
syn,10
token,10
week,10
result,9
comments,9
quantitative,9
press,9
languages,9
loc,9
possible,9
being,9
structure,9
02,9
28,9
believe,9
long,9
39,9
maps,9
look,9
99,9
useful,9
ccfinder,9
abstraction,9
another,9
string,9
classes,9
levels,9
exceptions,9
various,9
warning,9
form,9
easily,9
modifications,9
ng,9
og,9
y1,9
y2,9
method,9
exist,9
implementation,9
remove,9
working,9
grading,9
archive,9
general,9
questions,9
2000,9
existing,9
currently,9
add,9
paste,9
defect,9
algorithm,9
distributed,9
decisions,9
frequently,9
either,9
bar,9
schema,9
strong,9
available,9
once,9
submission,9
binary,8
200,8
involved,8
page,8
equal,8
short,8
initial,8
experience,8
shown,8
further,8
map,8
lists,8
trees,8
above,8
15,8
73,8
advantage,8
evidence,8
indicates,8
supported,8
might,8
effects,8
investigated,8
presents,8
coupling,8
rb,8
t1,8
connected,8
x1,8
location,8
get,8
component,8
october,8
gives,8
junit,8
hdc,8
manually,8
tree,8
trans,8
2002,8
notice,8
although,8
findbugs,8
summary,8
value,8
body,8
collect,8
lifetime,8
run,8
edinburgh,8
enough,8
contain,8
symposium,8
avoid,8
lineage,8
current,8
zero,8
typemap,8
suggest,8
individual,8
tween,7
propose,7
com,7
less,7
ubranic,7
pair,7
specifically,7
proc,7
finds,7
bodies,7
mine,7
finally,7
oriented,7
properties,7
commit,7
29,7
experiments,7
examined,7
numbers,7
apply,7
sourceforge,7
exists,7
axis,7
failed,7
exception,7
via,7
understanding,7
updating,7
statement,7
way,7
detailed,7
analyzing,7
relationships,7
context,7
complete,7
follows,7
investigate,7
node,7
archives,7
sb,7
wide,7
create,7
proposed,7
here,7
wine,7
lack,7
almost,7
basic,7
renamed,7
prototypes,7
want,7
induce,7
difference,7
proximity,7
early,7
bear,7
debug,7
count,7
variants,7
selected,7
asts,7
evolve,7
frequent,7
respect,7
getprocessheap,7
removed,7
lineages,7
important,7
mentioned,7
assignment,7
little,7
output,7
pinzger,7
murphy,7
vari,7
invoked,7
sun,7
frequency,7
higher,7
records,7
missing,7
42233,6
require,6
infinite,6
hand,6
citation,6
versus,6
53784,6
recursive,6
state,6
defined,6
memory,6
measured,6
measures,6
dependencies,6
requires,6
redistribute,6
1997,6
means,6
correlate,6
introduction,6
record,6
past,6
assigned,6
paired,6
adding,6
umd,6
04,6
parsing,6
granted,6
benefit,6
34,6
38,6
42,6
47,6
90,6
writing,6
instead,6
loops,6
historical,6
technical,6
family,6
education,6
occurs,6
400,6
indicated,6
cumulative,6
define,6
tokens,6
plots,6
submit,6
conclusion,6
webpage,6
republish,6
differences,6
presented,6
otherwise,6
produced,6
uses,6
0005,6
ca,6
language,6
random,6
ge,6
digital,6
edge,6
chosen,6
r1,6
pp,6
t2,6
variety,6
commercial,6
x2,6
learning,6
none,6
terms,6
insight,6
heapalloc,6
development,6
servers,6
much,6
union,6
write,6
classroom,6
analyze,6
consortium,6
measure,6
updated,6
ways,6
potential,6
values,6
duplication,6
scotland,6
relatively,6
additional,6
getclientrect,6
together,6
within,6
return,6
artifacts,6
caused,6
comma,6
59593,6
version2,6
version1,6
post,6
searching,6
faults,6
partial,6
bijection,6
always,6
description,6
described,6
profit,6
original,6
say,6
personal,6
indicate,6
visualization,6
icsm,6
false,6
model,6
template,6
social,6
123,6
access,6
dynamic,6
extractor,6
sions,6
filter,6
category,6
characters,5
good,5
export,5
handling,5
too,5
con,5
including,5
similarly,5
liu,5
develop,5
semantics,5
1999,5
performed,5
checked,5
done,5
tend,5
built,5
bind,5
dis,5
length,5
field,5
don,5
known,5
mea,5
louis,5
examine,5
1a,5
1b,5
31,5
though,5
mismatch,5
loop,5
still,5
internal,5
ver,5
stop,5
density,5
end,5
detected,5
copyright,5
mation,5
tions,5
below,5
non,5
grained,5
far,5
explore,5
few,5
marked,5
keep,5
why,5
kamiya,5
assumption,5
ap,5
deletes,5
search,5
sites,5
ea,5
ed,5
counter,5
500,5
practice,5
contrast,5
pugh,5
author,5
r2,5
estimate,5
zeller,5
heuristic,5
closed,5
joint,5
know,5
examples,5
efforts,5
note,5
groups,5
baker,5
formance,5
resolved,5
reports,5
area,5
perform,5
larger,5
framework,5
earlier,5
void,5
cause,5
declaration,5
viewcvs,5
encounter,5
account,5
june,5
infor,5
2001,5
take,5
tracking,5
positive,5
fine,5
difficult,5
position,5
best,5
conditional,5
reasons,5
fall,5
statements,5
exam,5
providing,5
aggressive,5
rcs,5
parser,5
algorithms,5
prototype,5
missouri,5
already,5
maintaining,5
until,5
describes,5
fischer,5
view,5
introduce,5
editing,5
buggy,5
equivalent,5
bad,5
complex,5
submitted,5
procedure,5
maryland,5
directly,5
relevant,5
attached,5
renaming,5
stu,5
key,5
166,5
especially,5
sys,5
guide,5
weak,5
regular,5
checkstyle,5
studied,5
reuse,4
eick,4
extracts,4
mined,4
statistical,4
1000,4
making,4
better,4
fileversion,4
spots,4
question,4
improve,4
structurally,4
discretized,4
refactor,4
team,4
tech,4
overall,4
aspects,4
manage,4
primary,4
loo,4
1996,4
disappeared,4
guarded,4
dec,4
evolved,4
examining,4
factorable,4
training,4
dns,4
messages,4
main,4
logs,4
includes,4
mdi,4
transformer,4
due,4
observed,4
module,4
33,4
expression,4
associated,4
45,4
schneider,4
52,4
59,4
modification,4
61,4
64,4
68,4
69,4
horwitz,4
relation,4
preliminary,4
95,4
secret,4
jackson,4
command,4
leading,4
visual,4
representing,4
wrote,4
canada,4
casts,4
companion,4
hovemeyer,4
against,4
around,4
expected,4
simultaneous,4
syntactically,4
logistic,4
refer,4
plan,4
implicit,4
web,4
certain,4
num,4
along,4
colleges,4
submissions,4
acknowledgments,4
naive,4
es,4
origin,4
placed,4
else,4
manipulation,4
predicting,4
suggests,4
sigcse,4
recover,4
ps,4
edit,4
assist,4
tu,4
ui,4
details,4
extract,4
similarity,4
uniquelinelocation,4
xlib,4
additionally,4
reveal,4
scale,4
bayes,4
follow,4
stroulia,4
independent,4
touchgraph,4
committed,4
heapfree,4
queries,4
pasted,4
list,4
600,4
interface,4
considered,4
gtk,4
period,4
basis,4
represents,4
department,4
interested,4
toolkit,4
indicative,4
validate,4
automated,4
stronger,4
detects,4
infrastructure,4
deletion,4
identifies,4
hwnd,4
confirmed,4
grown,4
unfortunately,4
classify,4
mean,4
databases,4
hot,4
calls,4
zimmermann,4
transac,4
introductory,4
passed,4
action,4
parametrized,4
occur,4
experiences,4
principles,4
ast1,4
appears,4
delete,4
ast2,4
collection,4
rule,4
definition,4
nealogy,4
event,4
indicators,4
800,4
manual,4
saint,4
previously,4
improvement,4
age,4
kenyon,4
likelihood,4
real,4
predict,4
application,4
hypothesis,4
jar,4
api,4
tactic,4
popular,4
through,4
gutwin,4
fridays,4
yang,4
cast,4
consis,4
matches,4
care,4
architecture,4
accounts,4
amount,4
baz,4
accurately,4
national,4
sem,4
nearest,4
typically,4
parts,4
sim,4
views,4
bit,4
alive,4
implementing,4
split,4
focused,4
109,4
drawn,4
subtract,4
dent,4
sum,4
makes,4
extreme,4
doing,4
idea,4
coverage,4
seconds,4
goal,4
observation,4
site,4
behaviour,4
describing,4
safe,4
computing,4
predictor,4
corresponding,4
investment,3
left,3
poorly,3
thu,3
besides,3
copying,3
serious,3
cil,3
society,3
tor,3
webspider,3
produce,3
dataflow,3
upon,3
technique,3
effective,3
declarations,3
linkbrowser,3
stable,3
tue,3
cur,3
toronto,3
think,3
occurred,3
278,3
actual,3
surprising,3
inspected,3
assume,3
start,3
required,3
computed,3
quick,3
geneal,3
checker,3
obtain,3
formal,3
ample,3
cvshome,3
tems,3
build,3
stack,3
der,3
depending,3
evolves,3
impact,3
easy,3
finer,3
formatting,3
touched,3
compare,3
term,3
right,3
involve,3
down,3
inconsistently,3
ings,3
rhdb,3
attempt,3
grams,3
bits,3
invalid,3
man,3
300,3
subject,3
met,3
inform,3
sizes,3
demeyer,3
comprise,3
goals,3
equivalence,3
divergent,3
august,3
highest,3
27,3
middle,3
releases,3
appear,3
44,3
46,3
48,3
49,3
roughly,3
classcastexceptions,3
53,3
55,3
studying,3
wong,3
sections,3
commits,3
63,3
allow,3
alloy,3
74,3
76,3
78,3
mary,3
mark,3
mon,3
91,3
94,3
97,3
relating,3
among,3
throwing,3
signments,3
sequence,3
spend,3
annotate,3
immediately,3
measurement,3
notes,3
leave,3
gather,3
typedefs,3
normalization,3
gies,3
mapping,3
logic,3
drawicon,3
etc,3
spurious,3
maintain,3
complexity,3
recovered,3
plugin,3
19th,3
next,3
nor,3
impose,3
debugging,3
lution,3
mappings,3
window,3
attempted,3
conditionals,3
quickly,3
decide,3
portion,3
wed,3
feb,3
visible,3
parallel,3
variance,3
evolutionary,3
edwards,3
ac,3
keir,3
au,3
simultaneously,3
bc,3
coding,3
predictive,3
needs,3
fs,3
management,3
502,3
assign,3
j1,3
j2,3
four,3
fri,3
oct,3
im,3
iz,3
neamtiu,3
library,3
dependence,3
generally,3
li,3
lo,3
ogy,3
semantically,3
storage,3
574,3
families,3
grouped,3
starting,3
checking,3
executed,3
enums,3
email,3
st,3
undergraduate,3
separate,3
awareness,3
uk,3
um,3
miryung,3
un,3
failure,3
locating,3
gramming,3
xp,3
beyond,3
propagated,3
presence,3
date,3
purposes,3
challenge,3
german,3
achieve,3
vancouver,3
sets,3
kernel,3
suite,3
novel,3
undone,3
discuss,3
standard,3
compiler,3
ments,3
penner,3
focus,3
entire,3
gui,3
genealo,3
inconsistent,3
rarely,3
friday,3
consecutive,3
circle,3
continue,3
keyword,3
yes,3
extracting,3
put,3
her,3
conclusions,3
methods,3
stackoverflowerrors,3
editor,3
nullpoint,3
char,3
sliding,3
his,3
point,3
listed,3
knowledge,3
limitations,3
node1,3
node2,3
subjects,3
march,3
advantages,3
sometimes,3
hold,3
hope,3
repos,3
clients,3
machine,3
solution,3
online,3
inoue,3
edits,3
something,3
lastfileversion,3
operating,3
utoronto,3
mainly,3
whenever,3
five,3
clumping,3
ide,3
engler,3
firstfileversion,3
simth,3
prefer,3
clearly,3
interact,3
zoo,3
poor,3
extensions,3
metrics,3
copyrights,3
calling,3
washington,3
duplicated,3
modify,3
ying,3
quantitatively,3
steadily,3
grammers,3
correspond,3
implemented,3
wcre,3
flagged,3
formally,3
jan,3
annual,3
containing,3
compilable,3
predictors,3
notion,3
bijections,3
takes,3
algo,3
courses,3
detecting,3
distance,3
avg,3
erexceptions,3
assuming,3
collected,3
broad,3
style,3
ception,3
interactions,3
coders,3
sat,3
hipikat,3
investigation,3
frequencies,3
compared,3
practices,3
jun,3
icse,3
obviously,3
parse,3
notkin,3
break,3
dele,3
nullpointerexceptions,3
cross,3
122,3
conditions,3
manager,3
dept,3
161,3
graphs,3
successful,3
pairing,3
tested,3
refactored,3
lead,3
expect,3
testrun,3
deciding,3
typedef,3
limited,3
diverged,2
outcomes,2
tem,2
finders,2
islocal,2
heuristics,2
spond,2
visualizing,2
entering,2
automating,2
obvious,2
thank,2
keywords,2
predicted,2
others,2
tiv,2
onto,2
logins,2
yourdon,2
effectiveness,2
blocks,2
roweis,2
experiment,2
block,2
considering,2
granularity,2
respectively,2
rithms,2
implications,2
col,2
findings,2
lab,2
prac,2
raise,2
quite,2
comparison,2
suspects,2
mapped,2
try,2
became,2
nickell,2
distinguished,2
activities,2
led,2
supply,2
worked,2
docs,2
labels,2
items,2
250,2
moment,2
thing,2
principle,2
271,2
compile,2
involves,2
isting,2
supplements,2
converted,2
lection,2
ants,2
enterprise,2
teaching,2
formation,2
1998,2
1994,2
1992,2
wealth,2
indexing,2
randomly,2
outlines,2
corre,2
fixing,2
chelf,2
tent,2
critical,2
descriptors,2
signaled,2
browser,2
park,2
fellowship,2
9pm,2
interaction,2
del,2
areas,2
viewing,2
senior,2
relative,2
grase,2
philadelphia,2
unlike,2
deadline,2
bins,2
tently,2
dif,2
retrieved,2
propagation,2
textually,2
saarbru,2
loat,2
importance,2
worthy,2
miss,2
partic,2
thick,2
revealed,2
lock,2
inspection,2
researchers,2
classification,2
removing,2
opens,2
server,2
loadcursora,2
serves,2
max,2
computation,2
spacco,2
recognition,2
317,2
nonetheless,2
333,2
335,2
339,2
mes,2
mer,2
physical,2
exactly,2
ducing,2
illus,2
sized,2
drawing,2
supports,2
cretized,2
holds,2
3c,2
california,2
mysql,2
51,2
54,2
solutions,2
fg02,2
assurance,2
coefficient,2
ranges,2
interest,2
themselves,2
72,2
77,2
rysselberghe,2
separates,2
81,2
82,2
base,2
reliably,2
relate,2
attempts,2
van,2
linking,2
lenges,2
tices,2
knowing,2
2for,2
infrequently,2
threshold,2
html,2
capture,2
estimation,2
shipped,2
platform,2
parameter,2
spent,2
1200,2
year,2
saves,2
itory,2
springer,2
larity,2
detail,2
consented,2
sleep,2
behavior,2
fourteenth,2
learn,2
logical,2
characterize,2
pinod,2
tation,2
accross,2
ele,2
users,2
volume,2
private,2
eng,2
tures,2
rich,2
noted,2
achieved,2
gaussian,2
turns,2
gated,2
shape,2
encourage,2
421,2
12638,2
visualize,2
traverse,2
chose,2
evo,2
differently,2
classcas,2
represented,2
votta,2
mechanism,2
timestamp,2
gram,2
perry,2
sciences,2
huge,2
reconstruct,2
duplicate,2
involving,2
import,2
nov,2
supporting,2
derived,2
ensures,2
jeffrey,2
sigplan,2
criteria,2
excluded,2
confirming,2
riva,2
iwpse,2
ships,2
occasionally,2
enables,2
indicator,2
fea,2
looks,2
overflow,2
configured,2
solely,2
effect,2
produces,2
ravenbrook,2
determines,2
necessarily,2
candidate,2
david,2
deltas,2
designed,2
didn,2
approaches,2
contained,2
yamamoto,2
nealogies,2
sure,2
preprocessing,2
1notice,2
timeframe,2
hollingsworth,2
charge,2
co,2
e1,2
ilarly,2
lasted,2
e2,2
renam,2
font,2
objectweb,2
di,2
f1,2
f2,2
dq,2
en,2
eq,2
never,2
rosso,2
fr,2
contrary,2
gy,2
hicon,2
nique,2
rightmost,2
issue,2
metal,2
traditional,2
recovering,2
turned,2
commentequivclass,2
implementations,2
off,2
places,2
la,2
ful,2
hicks,2
documented,2
mo,2
my,2
nc,2
plug,2
productivity,2
allocated,2
oo,2
op,2
mockus,2
decreasing,2
pa,2
r0,2
architectures,2
py,2
hundreds,2
purushothaman,2
discovered,2
conservative,2
seen,2
seem,2
sf,2
lecture,2
analyzed,2
ta,2
ue,2
decoupled,2
reasonably,2
thin,2
vs,2
life,2
fowler,2
succeed,2
deeper,2
globalunlock,2
held,2
surrounding,2
proach,2
phase,2
samples,2
columbia,2
mistakenly,2
ous,2
multilinguistic,2
initialized,2
located,2
addresses,2
edison,2
core,2
recovery,2
security,2
cost,2
sept,2
arbitrary,2
allowing,2
strncpy,2
locations,2
introduced,2
texceptions,2
educators,2
overfit,2
rethinking,2
sures,2
wrap,2
ladd,2
analyses,2
compute,2
candidates,2
external,2
matchings,2
preserving,2
sages,2
germany,2
wisdom,2
marginal,2
occurring,2
locals,2
usher,2
williams,2
lexical,2
million,2
strongly,2
indication,2
wait,2
kinds,2
indicating,2
654,2
requiring,2
670,2
jazayeri,2
ple,2
formals,2
machines,2
discussion,2
netbsd,2
filtering,2
events,2
displayed,2
51529,2
separately,2
detec,2
facts,2
routine,2
5038,2
pasting,2
latest,2
receive,2
assyst,2
diagram,2
smith,2
instructors,2
late,2
things,2
pre,2
unlock,2
warn,2
correlated,2
anaheim,2
updates,2
refining,2
ence,2
volatile,2
windows,2
chang,2
initially,2
having,2
standalone,2
latent,2
light,2
mailing,2
january,2
chal,2
assumptions,2
major,2
globallock,2
answering,2
chadd,2
request,2
stipend,2
inherently,2
september,2
alternative,2
evaluation,2
flexibly,2
active,2
july,2
mirror,2
populating,2
planck,2
answer,2
pseudocode,2
700,2
cally,2
represent,2
smalleditequivclass,2
correctly,2
outdated,2
briand,2
beneficial,2
nodes,2
regression,2
anticipated,2
validation,2
chou,2
laration,2
enum,2
explored,2
products,2
british,2
diverge,2
linden,2
hallem,2
64129,2
infer,2
true,2
belong,2
certainly,2
bers,2
conventional,2
opinions,2
uniqueline,2
distinguish,2
methodologies,2
fundamental,2
perspective,2
independence,2
settextcolor,2
ids,2
checkout,2
inferior,2
again,2
euclidean,2
comparatively,2
transitive,2
itself,2
regions,2
stackoverflowerror,2
agency,2
runs,2
stringent,2
inferred,2
strecker,2
cvsroot,2
according,2
operations,2
constructed,2
resources,2
ins,2
gression,2
building,2
histograms,2
raw,2
23731,2
ated,2
attachments,2
aspect,2
textual,2
parses,2
rep,2
pose,2
6pm,2
therefore,2
production,2
college,2
agp,2
years,2
timate,2
defects,2
hypotheses,2
tributed,2
identifiers,2
shed,2
paquette,2
points,2
rmi,2
7878,2
bode,2
conducted,2
52264,2
looked,2
formulated,2
minute,2
semester,2
reason,2
identification,2
inferring,2
broke,2
refine,2
reek,2
alternatives,2
vide,2
worth,2
015,2
taken,2
art,2
jdk,2
similarities,2
codebase,2
ask,2
centered,2
enclosing,2
tsleep,2
difficulty,2
neighborhood,2
negative,2
rent,2
hajek,2
greater,2
southeastern,2
malized,2
bour,2
transforms,2
regopenkeya,2
percentage,2
accumu,2
kind,2
tector,2
niques,2
highlight,2
san,2
discontinued,2
gets,2
trates,2
verlag,2
matsumura,2
sented,2
922,2
jones,2
deal,2
affect,2
subsequent,2
compares,2
validity,2
corresponds,2
ber,2
reiserfs,2
msr04,2
helps,2
20752,2
checkers,2
captured,2
directed,2
captures,2
7th,2
tograms,2
subset,2
expert,2
select,2
bin,2
invoke,2
experi,2
defy,2
john,2
viewer,2
focuses,2
neighbour,2
ble,2
missed,2
testcase,2
annotations,2
falls,2
classifiers,2
reviewed,2
expressed,2
sql,2
pairings,2
kusumoto,2
informa,2
dormant,2
isglobal,2
counts,2
121,2
bsd,2
interpreted,2
simi,2
managed,2
surprised,2
store,2
ually,2
153,2
horizontal,2
variant,2
fragments,2
generate,2
sink,2
degree,2
164,2
implements,2
kim,2
collects,2
185,2
ones,2
192,2
tained,2
invocation,2
cken,2
rename,2
elements,2
crashes,2
plain,2
comparing,2
distinct,2
neigh,2
numerical,2
studies,2
cleaning,2
motion,2
february,2
fragment,2
independently,2
tenance,1
asserts,1
ted,1
2304,1
sake,1
successfully,1
cooperative,1
applies,1
feedthrough,1
ture,1
cen,1
miner,1
feeding,1
positives,1
violating,1
beliefs,1
straight,1
consisting,1
brevity,1
cge,1
november,1
cgi,1
reordered,1
infers,1
empty,1
250000,1
til,1
implement,1
sant,1
gone,1
chu,1
representation,1
1analyzing,1
structs,1
plotting,1
lems,1
room,1
automati,1
suitable,1
taking,1
irrelevant,1
implication,1
riculum,1
inter,1
anal,1
managers,1
lncs,1
matter,1
yahin,1
iterated,1
i386,1
redundancy,1
succession,1
subtree,1
qual,1
capital,1
arrows,1
crawl,1
appro,1
lan,1
lar,1
lau,1
cpp,1
introducing,1
summarizing,1
linearly,1
condition,1
naming,1
eral,1
207,1
208,1
specialized,1
sible,1
daveho,1
reorder,1
211,1
213,1
tss,1
cre,1
possibility,1
says,1
cse,1
analyz,1
228,1
caught,1
rahul,1
isomorphism,1
defines,1
234,1
235,1
liable,1
element,1
300000,1
241,1
243,1
245,1
249,1
logics,1
document,1
concurrent,1
constantine,1
distribu,1
networks,1
252,1
253,1
255,1
desired,1
modifying,1
participate,1
reporter,1
265,1
filling,1
formative,1
dataset,1
270,1
anna,1
unable,1
lim,1
kevin,1
homes,1
starts,1
saturdays,1
widely,1
labeled,1
281,1
technologies,1
287,1
289,1
concept,1
tribution,1
hours,1
appropriately,1
merlo,1
func,1
struc,1
pitts,1
interactive,1
taxonomy,1
strcpy,1
eleni,1
bier,1
enter,1
traversal,1
1979,1
1978,1
suppressing,1
1990,1
grouping,1
rection,1
addison,1
andreas,1
1991,1
prop,1
acyclic,1
consult,1
merely,1
meant,1
prob,1
biff,1
proj,1
conceptual,1
esaps,1
invaluable,1
assitance,1
appserver,1
recognizing,1
indentation,1
propagate,1
combination,1
sacrifice,1
ferent,1
setlasterror,1
cohesion,1
1sp1,1
ethnographic,1
lsi,1
veloped,1
initializecriticalsection,1
constructs,1
principal,1
relies,1
sumption,1
vestigated,1
oopl,1
heavily,1
wireless,1
methodology,1
beasts,1
den,1
retrieval,1
sketches,1
chicago,1
going,1
profile,1
sched,1
omitted,1
ters,1
journal,1
tern,1
ming,1
partly,1
complicated,1
nagra,1
maximum,1
cutoff,1
under,1
literals,1
habit,1
radius,1
banff,1
dence,1
possibly,1
traversing,1
unconfirmed,1
sults,1
expectation,1
1gb,1
incentives,1
thomas,1
dle,1
visualizations,1
uni,1
saintlouis,1
grant,1
showing,1
locc,1
mance,1
supplies,1
usually,1
whereas,1
electrical,1
sense,1
hoping,1
snapshotcontents,1
doe,1
evaluate,1
encoded,1
status,1
mitted,1
dow,1
inserted,1
stream,1
mak,1
surround,1
mas,1
mar,1
sents,1
supplied,1
advocates,1
forward,1
lacks,1
url,1
301,1
entities,1
302,1
commonalities,1
309,1
md5,1
feel,1
karen,1
combine,1
deletecriticalsection,1
bearing,1
labelled,1
fingerprints,1
entries,1
regqueryvalueexa,1
null,1
324,1
background,1
327,1
ducasse,1
336,1
categorize,1
opposed,1
esec,1
rapidly,1
341,1
extractable,1
depend,1
08,1
09,1
constraints,1
350,1
patch,1
character,1
associatations,1
meaning,1
methodname,1
substantial,1
361,1
miller,1
368,1
text2,1
switching,1
components,1
scan,1
mid,1
exper,1
remember,1
bergman,1
377,1
378,1
mis,1
mit,1
mix,1
35,1
36,1
forschungsgemeinschaft,1
380,1
stay,1
385,1
387,1
389,1
micromodels,1
increasing,1
stan,1
oper,1
infrequent,1
43,1
berry,1
invest,1
enhancement,1
392,1
funded,1
56,1
57,1
58,1
modelling,1
daemon,1
discrete,1
65,1
66,1
67,1
linenumber,1
proper,1
appli,1
clusters,1
registry,1
79,1
matically,1
separated,1
ciently,1
opin,1
matsumoto,1
relational,1
step,1
83,1
dents,1
86,1
87,1
88,1
commas,1
mod,1
trend,1
sliwers,1
whole,1
reliable,1
routinely,1
92,1
98,1
transformers,1
mpg,1
mpi,1
constitute,1
unresolved,1
word,1
myagmar,1
specified,1
mitigated,1
detectorname,1
computationally,1
testsuite,1
lots,1
iwpc,1
newline,1
2500,1
tailed,1
inserting,1
discover,1
edg,1
fixpoint,1
craig,1
soundness,1
overestimate,1
pasttern,1
analy,1
prepares,1
letsche,1
mwh,1
plement,1
hands,1
ations,1
allowed,1
cmsc,1
near,1
moving,1
assigning,1
vis,1
dealing,1
community,1
idioms,1
eia,1
appropriate,1
weimer,1
failures,1
unlimited,1
ersion1,1
ersion2,1
eager,1
generates,1
prising,1
assessment,1
incorporated,1
testfullhouse,1
doesn,1
methodolo,1
attributable,1
10th,1
breakdown,1
klaven,1
vol,1
rics,1
fails,1
ent,1
significance,1
happens,1
slew,1
referred,1
slightly,1
tries,1
weissgerber,1
3000,1
ries,1
newly,1
tried,1
usefully,1
foundations,1
educating,1
classifying,1
pertinent,1
403,1
driven,1
graves,1
jspacco,1
gerber,1
408,1
cell,1
representations,1
iments,1
nce,1
asked,1
412,1
3014,1
ions,1
418,1
01er25510,1
2nd,1
weighing,1
423,1
opment,1
preceding,1
strongest,1
nec,1
enhancements,1
437,1
439,1
apic,1
inves,1
etx,1
shall,1
positions,1
zhou,1
apis,1
scales,1
448,1
dqsync,1
repetitive,1
backups,1
grune,1
lightweight,1
450,1
rates,1
strategy,1
risky,1
myers,1
johnson,1
decided,1
478,1
fully,1
models,1
482,1
argues,1
tory,1
literal,1
496,1
structured,1
2ghz,1
scaling,1
versionnumber,1
metric,1
resulted,1
lifecycle,1
forgetting,1
portland,1
reconstruc,1
sharing,1
improving,1
50000,1
nearly,1
usable,1
central,1
now,1
lived,1
postponed,1
fedora,1
timely,1
risk,1
greg,1
slurp,1
entercriticalsection,1
fac,1
collections,1
struggling,1
give,1
comprising,1
explicit,1
determined,1
completely,1
nsf,1
dividing,1
explicitly,1
gain,1
confuse,1
wei,1
older,1
350000,1
meanings,1
wrong,1
distinction,1
originated,1
periment,1
orlando,1
plex,1
rhetoric,1
undocumented,1
ects,1
viewers,1
jfoster,1
refers,1
pldi,1
explaining,1
ticular,1
cfc02,1
manifesting,1
investi,1
unexpected,1
contribute,1
gists,1
integrated,1
structural,1
win,1
softevo,1
terminal,1
lastlinenumber,1
matters,1
administrative,1
downcast,1
multidimensional,1
extent,1
fis,1
laven,1
rank,1
evaluated,1
grow,1
ag,1
automat,1
finder,1
extend,1
ar,1
intermediate,1
prove,1
plicate,1
bi,1
consequently,1
deferenced,1
53284,1
panel,1
scoring,1
keeping,1
alternate,1
tually,1
cp,1
skeptical,1
freely,1
encode,1
convienient,1
fore,1
suffi,1
ds,1
dy,1
presumes,1
chairs,1
novices,1
ef,1
image,1
eu,1
ff,1
fol,1
fl,1
perhaps,1
plot,1
confirms,1
reporting,1
go,1
kept,1
gz,1
505,1
significantly,1
he,1
509,1
triggered,1
tabulate,1
appeared,1
william,1
id,1
518,1
usenix,1
ig,1
il,1
io,1
ocaml,1
ip,1
jaime,1
resulting,1
halting,1
525,1
fse,1
become,1
mediate,1
eventually,1
literature,1
strings,1
digest,1
ability,1
kl,1
ftp,1
541,1
exploring,1
overlapping,1
lu,1
ported,1
md,1
fectiveness,1
seattle,1
baxter,1
3rd,1
560,1
entry,1
expand,1
563,1
2times,1
569,1
prediction,1
survey,1
retrieve,1
lutionary,1
nt,1
firstlinenumber,1
weibgerber,1
572,1
ipv4,1
problematic,1
581,1
586,1
perspectives,1
easier,1
po,1
pr,1
discipline,1
cation,1
596,1
differencing,1
recent,1
lifetimes1,1
devanbu,1
rc,1
consolidated,1
cognitive,1
adopt,1
activity,1
rx,1
expres,1
se,1
bles,1
analyzes,1
mutatis,1
resentation,1
origins,1
persist,1
unions,1
necessary,1
ond,1
decision,1
sz,1
started,1
ideally,1
perfor,1
analogues,1
pull,1
ti,1
orig,1
transitivity,1
partially,1
tz,1
elicit,1
capturing,1
ensure,1
suppose,1
modules,1
vi,1
solve,1
plications,1
resolutions,1
frustrating,1
examination,1
lies,1
wu,1
daly,1
teach,1
xa,1
reading,1
argue,1
filters,1
storing,1
torable,1
propa,1
chains,1
gcc,1
400000,1
displays,1
april,1
exceptionclass,1
scans,1
openbsd,1
teams,1
ze,1
dard,1
matsushita,1
gen,1
operators,1
thor,1
cations,1
pleasantly,1
transformation,1
predic,1
initializer,1
depth,1
1400,1
yond,1
unified,1
self,1
prone,1
connecting,1
architectural,1
minimum,1
1code,1
own,1
nore,1
proposes,1
branches,1
ending,1
addressed,1
purpose,1
challenges,1
wampler,1
ponents,1
observations,1
winehq,1
25th,1
costs,1
limi,1
boolean,1
york,1
intend,1
introduces,1
resemble,1
tential,1
begins,1
shortcom,1
xml,1
optional,1
marron,1
ahead,1
gregate,1
wesley,1
queried,1
confi,1
registerclassa,1
faced,1
concludes,1
timeline,1
combined,1
correct,1
wish,1
wise,1
enumeration,1
par,1
tracing,1
pat,1
european,1
lutions,1
enormous,1
05may17,1
ares,1
marize,1
divided,1
compiled,1
producing,1
sualization,1
jboss,1
disambiguation,1
hypothesize,1
retrospective,1
ology,1
pastes,1
pdg,1
snip,1
627,1
named,1
kobourov,1
plied,1
thesis,1
639,1
jarzabek,1
underlying,1
misused,1
pfe,1
ever,1
645,1
appearing,1
ular,1
650,1
ularly,1
658,1
osdi,1
accordingly,1
particularly,1
discussed,1
ucsc,1
phd,1
plicitly,1
669,1
attributes,1
itories,1
entity,1
retains,1
correla,1
measuring,1
manner,1
namic,1
tics,1
discusses,1
ized,1
basit,1
affected,1
quantify,1
simplified,1
disagrees,1
monden,1
intended,1
sacrifices,1
automatic,1
despite,1
isese,1
formerly,1
0080206,1
deallocated,1
lindig,1
pointers,1
stackoverflow,1
tivated,1
portions,1
evolu,1
edited,1
processor,1
actions,1
komondoor,1
tify,1
reside,1
ware,1
giving,1
characterizing,1
subsys,1
pects,1
correspondence,1
charc,1
summarizes,1
implies,1
predominantly,1
secure,1
anymore,1
school,1
isomorphic,1
adapt,1
insufficient,1
freed,1
correlates,1
erties,1
yesterday,1
minimal,1
assembled,1
overview,1
yet,1
clarity,1
typical,1
pets,1
shadow,1
multi,1
tral,1
tigate,1
extraction,1
dynamically,1
1500,1
regenerate,1
approximates,1
valuable,1
tabs,1
merits,1
deficient,1
efficient,1
reverse,1
deleting,1
foster,1
organized,1
summarize,1
documen,1
choice,1
incidence,1
facility,1
replace,1
deadlines,1
26th,1
induces,1
numeric,1
1consider,1
induced,1
ables,1
ilarity,1
ically,1
inated,1
chen,1
applying,1
rtlallocateheap,1
clear,1
sock,1
marking,1
neither,1
suggestions,1
determining,1
cher,1
stoyle,1
sigact,1
safely,1
soft,1
essary,1
happen,1
iris,1
visualized,1
opportunity,1
flexible,1
trying,1
diehl,1
dealt,1
evaluating,1
siena,1
comes,1
characteristic,1
empirically,1
dooms,1
meet,1
exceptionmessage,1
series,1
704,1
submaps,1
debugger,1
rithm,1
ignored,1
liwerski,1
excerpt,1
confusion,1
santa,1
telecommunications,1
diego,1
739,1
just,1
grants,1
spans,1
stacktraceentry,1
tracks,1
classfiles,1
home,1
michael,1
trusively,1
743,1
collberg,1
soon,1
clonedr,1
750,1
755,1
assertions,1
victoria,1
templates,1
melo,1
distributions,1
validating,1
reached,1
arrays,1
invocations,1
eight,1
thorship,1
topics,1
5th,1
defining,1
observable,1
93er25176,1
polymorphism,1
serve,1
integer,1
ferences,1
importing,1
792,1
calculated,1
regardless,1
illustrate,1
seriously,1
steps,1
jacek,1
task,1
xeon,1
moset,1
header,1
lague,1
mirroing,1
execution,1
repre,1
deviation,1
segmented,1
sively,1
master,1
concerning,1
evident,1
pulling,1
writes,1
globals,1
dagenais,1
cover,1
ongoing,1
agement,1
temporal,1
cederqvist,1
pointer,1
intention,1
rectly,1
processing,1
except,1
facs,1
collecting,1
unless,1
christian,1
equality,1
measurements,1
clump,1
denotes,1
thorough,1
actually,1
face,1
operation,1
prepend,1
indents,1
leaves,1
exhaustive,1
extends,1
laboratory,1
150000,1
conflict,1
scheduled,1
characteristics,1
answered,1
indeed,1
publicized,1
chronological,1
employ,1
masked,1
clude,1
discussions,1
fair,1
preparation,1
annotated,1
enable,1
priate,1
briefly,1
arise,1
hints,1
deutsche,1
heidelberg,1
annotates,1
osaka,1
discontinue,1
paste1,1
causes,1
carroll,1
explains,1
demonstrated,1
mutandis,1
evolving,1
caddr,1
anonymous,1
forgot,1
span,1
fewer,1
polk,1
tight,1
reference,1
j2ee,1
01er254489,1
smells,1
insights,1
reinserted,1
covered,1
teresting,1
tract,1
classcast,1
aggregate,1
trace,1
validated,1
p4dti,1
ine,1
gvwilson,1
unchanged,1
tricky,1
expensive,1
1687,1
stages,1
vague,1
objects,1
saarland,1
resolution,1
popl,1
properly,1
kruskal,1
unsatisfactory,1
ram,1
alphanumeric,1
appendix,1
fairly,1
adapted,1
institute,1
shortly,1
plexity,1
dual,1
irb,1
profes,1
linked,1
bugdb,1
popu,1
fast,1
berliner,1
represen,1
aca,1
parsers,1
finish,1
helped,1
aggres,1
duplicates,1
finite,1
consent,1
ity,1
guage,1
port,1
exchange,1
leavecriticalsection,1
directory,1
xalan,1
directories,1
modifi,1
contin,1
recorded,1
kontogiannis,1
referenced,1
869,1
smaller,1
faulty,1
accessed,1
submitserver,1
shorter,1
klingmon,1
handle,1
6th,1
isolation,1
resented,1
exit,1
aggregates,1
presenting,1
codecoverage,1
aim,1
isolating,1
skilled,1
899,1
assertion,1
outcome,1
demographic,1
tended,1
rajapakse,1
removes,1
signing,1
precision,1
modifies,1
implicitly,1
separable,1
read,1
avoids,1
adhere,1
cafe,1
coupled,1
negatively,1
today,1
row,1
milestone,1
dforge,1
consists,1
methodlocation,1
tations,1
overlaying,1
manipulates,1
balazinska,1
tagged,1
findbugswarnings,1
unob,1
apr,1
investigating,1
krinke,1
009,1
calculations,1
choices,1
010,1
increases,1
014,1
varying,1
surements,1
came,1
visions,1
unchanging,1
broken,1
vice,1
noticed,1
wilson,1
nected,1
asm,1
relations,1
disregard,1
necting,1
deviant,1
individuals,1
challenging,1
repeated,1
lowing,1
jaymie,1
estimates,1
correctness,1
longer,1
moura,1
reid,1
leaving,1
michelle,1
generating,1
disappear,1
devel,1
055,1
outs,1
057,1
059,1
fidence,1
ally,1
interfaces,1
associ,1
resolving,1
estimated,1
target,1
guidance,1
modeling,1
experimental,1
largely,1
participating,1
generation,1
item,1
evalua,1
saving,1
sunday,1
200000,1
tomatic,1
rely,1
refined,1
matched,1
ited,1
formatted,1
seman,1
freedom,1
cruz,1
abstrac,1
newlines,1
demic,1
timing,1
amsterdam,1
corrections,1
limitation,1
largest,1
jections,1
addi,1
compliment,1
visually,1
2each,1
accompanying,1
sam,1
rest,1
move,1
sas,1
differ,1
cascon,1
educated,1
rieger,1
900,1
latter,1
front,1
simply,1
sigsoft,1
reflected,1
suffer,1
revi,1
tistical,1
sewell,1
underestimate,1
scheme,1
iulian,1
proves,1
sec,1
sixth,1
proved,1
seg,1
935,1
slicing,1
ser,1
sixty,1
visu,1
incorrect,1
words,1
entered,1
barnes,1
integrate,1
difficulties,1
digits,1
somewhat,1
947,1
performs,1
differentiate,1
954,1
france,1
instructive,1
searched,1
she,1
bierman,1
exploited,1
deep,1
trained,1
relates,1
100000,1
retrieving,1
mcpeak,1
972,1
client,1
sis,1
siy,1
historic,1
advanced,1
improves,1
depicts,1
reduce,1
satisfied,1
ordinary,1
operate,1
crawlmap,1
exclusively,1
begin,1
recommending,1
sequences,1
entropy,1
december,1
programme,1
italy,1
indirectly,1
discovers,1
likewise,1
linefeed,1
mierle,1
instruction,1
ified,1
auto,1
sign,1
alyzes,1
proceeds,1
poker,1
thrown,1
testname,1
tracting,1
spaces1,1
oregon,1
box,1
acheive,1
switch,1
pressions,1
respon,1
src,1
raised,1
102,1
possi,1
104,1
initializers,1
105,1
107,1
descriptive,1
synchronization,1
essentially,1
ysis,1
occurrences,1
vary,1
delta,1
insensitive,1
paint,1
110,1
111,1
improperly,1
115,1
116,1
118,1
trends,1
sta,1
karr,1
informally,1
stl,1
120,1
secondary,1
str,1
testthreeofakind,1
stops,1
130,1
132,1
133,1
sur,1
concatenated,1
137,1
tual,1
netbeans,1
jose,1
structors,1
loads,1
kate,1
handled,1
fourth,1
sion,1
advocate,1
150,1
152,1
uous,1
claiming,1
query,1
disambiguate,1
168,1
169,1
formations,1
transformations,1
174,1
175,1
technology,1
183,1
necula,1
implementa,1
190,1
194,1
feedback,1
198,1
20742,1
overhead,1
comprehension,1
iden,1
drivers,1
neighbouring,1
flag,1
range,1
16th,1
place,1
informed,1
leaf,1
sity,1
fraction,1
argument,1
begun,1
dozen,1
assets,1
sage,1
hollings,1
tar,1
netherlands,1
tax,1
towards,1
potentially,1
restructure,1
tune,1
terminates,1
cal,1
award,1
paris,1
flex,1
ready,1
tcp,1
satisfy,1
fault,1
copyright2005acm1,1
hdreg,1
generatemaps,1
verti,1
counterparts,1
