word,freq
the,714
of,434
and,340
to,287
in,253
we,215
for,184
is,143
that,140
changes,123
as,119
fix,113
bug,104
are,97
on,96
this,89
or,81
with,77
our,73
by,66
code,65
have,62
number,61
from,60
cvs,60
be,59
inducing,56
it,51
was,50
figure,49
which,48
change,44
not,44
student,42
grade,42
all,41
students,40
features,40
function,40
if,39
software,39
functions,39
were,39
between,39
each,38
type,38
information,37
been,37
can,37
12,36
program,36
these,36
tool,34
versions,34
two,34
has,34
an,33
used,31
how,31
fixes,30
transactions,30
feature,29
they,29
report,28
one,28
do,27
well,27
total,27
version,27
data,26
grades,26
third,26
20,26
variables,25
same,25
their,25
time,25
eclipse,24
10,24
work,24
analysis,24
class,24
more,24
ast,24
confidence,23
such,23
results,23
database,22
global,22
variable,22
fixed,22
file,22
may,22
11,21
project,21
mutual,21
repositories,21
approach,21
into,21
lines,21
types,21
when,21
mozilla,21
bugzilla,21
repository,20
than,20
links,20
at,20
link,20
semantic,20
01,20
files,19
syntactic,19
bugs,19
no,19
but,18
changed,18
out,18
deletions,18
name,17
based,17
would,17
line,17
also,17
final,17
matching,17
will,17
int,17
significant,17
python,17
openssh,17
log,17
only,17
level,17
23,16
source,16
additions,16
using,16
size,16
vsftpd,16
programs,16
apache,16
first,16
both,16
top,16
system,15
there,15
order,15
30,15
bottom,14
2004,14
applied,14
03,14
over,14
who,14
written,14
struct,14
dsu,14
some,14
performance,14
other,14
later,14
40,13
re,13
set,13
renamings,13
05,13
localnamemap,13
revision,13
new,13
pairs,13
suspect,13
use,13
18,13
about,13
transaction,13
high,13
table,13
course,12
show,12
habits,12
statistics,12
so,12
16,12
fk,12
single,12
60,12
14,12
while,12
could,12
shows,12
average,12
many,12
see,12
day,12
globalnamemap,11
reported,11
100,11
different,11
running,11
names,11
50,11
because,11
following,11
21,11
section,11
assignments,11
match,11
low,11
found,11
ra,11
17,11
space,11
them,11
times,11
evolution,11
projects,11
example,11
like,11
foo,11
quality,10
any,10
three,10
detect,10
had,10
abstract,10
did,10
most,10
week,10
normalized,10
added,10
diff,10
international,10
fields,10
then,10
linux,10
thus,10
definitions,10
its,10
contains,10
identify,10
revisions,10
does,10
those,10
history,9
levels,9
per,9
22,9
26,9
present,9
copies,9
us,9
local,9
computer,9
ing,9
whose,9
syn,9
small,9
syntax,9
second,9
25,9
algorithm,9
error,9
y1,9
simple,9
even,9
however,9
comment,9
70,9
include,9
y2,9
conference,9
message,9
large,9
where,9
statistically,9
very,9
archive,9
maps,9
deleted,9
able,8
find,8
typemap,8
body,8
effects,8
consider,8
zero,8
pages,8
rb,8
particular,8
java,8
80,8
2005,8
equal,8
after,8
x1,8
tree,8
several,8
form,8
t1,8
engineering,8
made,8
locate,8
200,8
techniques,8
pmd,8
comments,8
2003,7
working,7
across,7
count,7
19,7
bodies,7
msr,7
what,7
similar,7
archives,7
cs,7
trees,7
above,7
prototypes,7
tion,7
cannot,7
science,7
various,7
long,7
sb,7
need,7
properties,7
complete,7
correlation,7
quantitative,7
lifetime,7
asts,7
02,7
00,7
developers,7
control,7
release,7
axis,7
output,7
renamed,7
assignment,7
http,7
proc,7
user,7
summary,7
ubranic,7
without,7
cumulative,6
test,6
identifying,6
400,6
random,6
induce,6
trans,6
extracted,6
likely,6
hard,6
partial,6
given,6
examined,6
plots,6
presents,6
whether,6
binary,6
90,6
permission,6
systems,6
problem,6
description,6
up,6
higher,6
short,6
distribution,6
53784,6
37,6
every,6
determine,6
13,6
ieee,6
parsing,6
finally,6
understanding,6
problems,6
x2,6
last,6
de,6
finding,6
murphy,6
conclusion,6
help,6
references,6
t2,6
addition,6
common,6
being,6
check,6
42233,6
r1,6
mining,6
paper,6
university,6
version1,6
specific,6
bar,6
almost,6
say,6
frequency,6
pair,6
enough,6
histories,6
acm,6
bijection,6
pro,6
29,6
com,6
value,6
group,6
version2,6
mentioned,6
analyzing,6
comma,6
fee,6
identical,6
renaming,5
measure,5
adding,5
semantics,5
experiments,5
mismatch,5
provided,5
algorithms,5
73,5
design,5
require,5
union,5
versus,5
classes,5
future,5
closed,5
indicates,5
process,5
introduce,5
measures,5
weak,5
166,5
bind,5
estimate,5
provides,5
earlier,5
marked,5
indicated,5
procedure,5
instance,5
old,5
mea,5
contain,5
strong,5
questions,5
characters,5
joint,5
avoid,5
net,5
32,5
export,5
fact,5
here,5
correlate,5
modifications,5
variety,5
relationship,5
39,5
implementation,5
related,5
reports,5
notice,5
take,5
density,5
viewcvs,5
assigned,5
either,5
vari,5
42,5
missing,5
exists,5
tions,5
early,5
formance,5
rather,5
values,5
rcs,5
position,5
counter,5
graph,5
get,5
r2,5
part,5
case,5
update,5
none,5
updating,5
automatically,5
encounter,5
since,5
write,5
potential,5
www,5
successive,5
complex,5
created,5
dynamic,5
proceedings,5
45,4
likelihood,4
discretized,4
differences,4
further,4
bayes,4
once,4
drawn,4
implementing,4
naive,4
examples,4
location,4
structurally,4
tu,4
bear,4
nearest,4
analyze,4
previously,4
logistic,4
15,4
ed,4
although,4
event,4
pinzger,4
parser,4
confirmed,4
suggest,4
baker,4
additionally,4
ast1,4
patterns,4
dead,4
61,4
full,4
seconds,4
else,4
maintenance,4
mean,4
gall,4
described,4
though,4
04,4
training,4
deletion,4
regular,4
ap,4
zeller,4
500,4
indicative,4
advantage,4
represents,4
certain,4
care,4
interested,4
command,4
safe,4
far,4
al,4
open,4
until,4
numbers,4
fridays,4
num,4
presented,4
around,4
ast2,4
programmers,4
predictor,4
gives,4
sem,4
exam,4
ex,4
general,4
loo,4
updated,4
individual,4
detected,4
expression,4
tend,4
47,4
yang,4
resolved,4
69,4
usa,4
transformer,4
should,4
stored,4
little,4
2000,4
developed,4
delete,4
refer,4
visual,4
indicators,4
generated,4
behaviour,4
categories,4
placed,4
600,4
es,4
details,4
make,4
followed,4
databases,4
eick,4
dis,4
prototype,4
account,4
measured,4
predict,4
always,4
multiple,4
violations,4
directly,4
investigated,4
baz,4
org,4
matches,4
relatively,4
basic,4
close,4
dec,4
current,4
difference,4
accurately,4
add,4
don,4
800,4
classify,4
jar,4
past,4
reasons,4
dependencies,4
including,4
1000,4
action,4
practice,4
frequent,4
learning,4
accounts,4
extract,4
investigate,4
observed,4
workshop,3
failure,3
submitted,3
34,3
writing,3
fischer,3
lists,3
tween,3
messages,3
copyrights,3
dele,3
support,3
produce,3
conditions,3
sections,3
post,3
iz,3
mappings,3
missouri,3
lead,3
kernel,3
portion,3
window,3
committed,3
78,3
bijections,3
introduction,3
j1,3
mon,3
caused,3
why,3
break,3
guide,3
already,3
declaration,3
less,3
spurious,3
cil,3
prior,3
research,3
0005,3
applications,3
circle,3
con,3
exist,3
node1,3
variance,3
map,3
below,3
sim,3
spend,3
44,3
evolves,3
specifically,3
profit,3
good,3
edinburgh,3
follows,3
thu,3
uses,3
must,3
keep,3
tue,3
programming,3
55,3
normalization,3
poorly,3
hand,3
previous,3
123,3
assuming,3
classroom,3
nor,3
page,3
typedefs,3
undergraduate,3
void,3
idea,3
before,3
hipikat,3
manually,3
sliding,3
left,3
understand,3
sun,3
efforts,3
impact,3
avg,3
ca,3
24,3
term,3
annotate,3
entire,3
mation,3
developer,3
algo,3
assign,3
tools,3
extracting,3
currently,3
59,3
especially,3
text,3
errors,3
string,3
popular,3
describe,3
submit,3
public,3
char,3
zimmermann,3
canada,3
stop,3
depending,3
keyword,3
whenever,3
servers,3
citation,3
utoronto,3
middle,3
met,3
coders,3
modified,3
associated,3
jun,3
visualization,3
roughly,3
umd,3
deletes,3
signments,3
mary,3
toronto,3
granted,3
edu,3
personal,3
neamtiu,3
300,3
difficult,3
schema,3
distributed,3
quantitatively,3
languages,3
machine,3
highest,3
executed,3
keir,3
predictors,3
appears,3
grouped,3
detects,3
undone,3
invalid,3
31,3
lack,3
typedef,3
parse,3
hope,3
commercial,3
tracking,3
split,3
sions,3
much,3
declarations,3
enums,3
infor,3
evidence,3
cross,3
easily,3
predicting,3
ea,3
tech,3
friday,3
clumping,3
touched,3
copy,3
rarely,3
jan,3
node,3
storage,3
tokens,3
republish,3
requires,3
attempted,3
original,3
contrast,3
stronger,3
records,3
relevant,3
unit,3
collect,3
sizes,3
changing,3
statements,3
predictive,3
bits,3
statistical,3
frequently,3
j2,3
59593,3
experiences,3
attempt,3
mark,3
start,3
observation,3
terms,3
fri,3
63,3
formatting,3
loops,3
grams,3
horwitz,3
sat,3
74,3
known,3
node2,3
redistribute,3
fs,3
digital,3
unique,3
along,3
study,3
parallel,3
feb,3
achieve,3
sum,3
record,3
wed,3
frequencies,3
icsm,3
cases,3
otherwise,3
tactic,3
product,3
indication,2
trates,2
nonetheless,2
574,2
locations,2
down,2
routine,2
timeframe,2
copyright,2
percentage,2
chang,2
vide,2
nc,2
histograms,2
tures,2
question,2
involved,2
computed,2
relative,2
author,2
due,2
proposed,2
managed,2
perry,2
mapped,2
fr,2
operations,2
consis,2
proach,2
instead,2
retrieved,2
ta,2
expressed,2
point,2
his,2
reviewed,2
attempts,2
too,2
improvement,2
among,2
coefficient,2
bode,2
loat,2
evolve,2
dif,2
acknowledgments,2
produced,2
examining,2
subject,2
independent,2
germany,2
real,2
tiv,2
four,2
recognition,2
2002,2
tograms,2
pattern,2
initial,2
late,2
standard,2
mine,2
email,2
methodologies,2
evolved,2
duplicate,2
sure,2
rithms,2
ensures,2
co,2
e1,2
certainly,2
mes,2
reiserfs,2
ducing,2
another,2
checked,2
33,2
enterprise,2
rightmost,2
hundreds,2
style,2
return,2
infrequently,2
captured,2
oct,2
nique,2
etc,2
junit,2
expected,2
bers,2
broke,2
250,2
limited,2
minute,2
occur,2
f1,2
timate,2
standalone,2
distinguish,2
52264,2
mistakenly,2
implemented,2
r0,2
january,2
inspection,2
ble,2
derived,2
gated,2
facts,2
neighbour,2
locals,2
activities,2
predicted,2
users,2
distinguished,2
held,2
7th,2
horizontal,2
samples,2
examine,2
independence,2
transac,2
46,2
ravenbrook,2
99,2
noted,2
refine,2
reasonably,2
runs,2
items,2
investigation,2
motion,2
inferior,2
la,2
ber,2
contrary,2
94,2
negative,2
achieved,2
sf,2
thing,2
matchings,2
72,2
sets,2
di,2
sures,2
cretized,2
within,2
year,2
tent,2
mapping,2
deciding,2
john,2
commits,2
initially,2
dept,2
conducted,2
identifies,2
ide,2
ue,2
quite,2
deadline,2
estimation,2
numerical,2
statement,2
formals,2
317,2
others,2
48,2
affect,2
exactly,2
arbitrary,2
76,2
ladd,2
purposes,2
54,2
accross,2
encourage,2
ple,2
characterize,2
islocal,2
3c,2
preprocessing,2
miss,2
roweis,2
stringent,2
flagged,2
confirming,2
hicks,2
purushothaman,2
traditional,2
grained,2
findings,2
gression,2
select,2
falls,2
historical,2
department,2
annotations,2
mockus,2
similarly,2
saint,2
extensions,2
larger,2
occurring,2
raise,2
descriptors,2
believe,2
overfit,2
reliably,2
49,2
82,2
vs,2
constructed,2
tation,2
taken,2
experience,2
respectively,2
discuss,2
points,2
often,2
rent,2
logins,2
structure,2
max,2
holds,2
measurement,2
july,2
bour,2
ac,2
shown,2
updates,2
focus,2
my,2
language,2
relate,2
interest,2
worth,2
turned,2
64129,2
cost,2
inform,2
therefore,2
neigh,2
assurance,2
1notice,2
invoke,2
preserving,2
nodes,2
itself,2
laration,2
quickly,2
allow,2
worthy,2
col,2
malized,2
worked,2
obviously,2
sourceforge,2
things,2
besides,2
enum,2
traverse,2
improve,2
53,2
distinct,2
ver,2
via,2
helps,2
few,2
cause,2
surprising,2
press,2
views,2
louis,2
suspects,2
109,2
jackson,2
team,2
wealth,2
means,2
heuristics,2
1200,2
separate,2
correlated,2
27,2
gets,2
dependence,2
classifiers,2
fea,2
tested,2
regression,2
38,2
plain,2
contained,2
81,2
aspects,2
pseudocode,2
put,2
answer,2
charge,2
british,2
2for,2
done,2
msr04,2
available,2
ous,2
unfortunately,2
independently,2
leading,2
cur,2
decoupled,2
length,2
metrics,2
saarbru,2
sages,2
five,2
bin,2
notes,2
euclidean,2
suggests,2
mysql,2
development,2
technique,2
gaussian,2
shape,2
transforms,2
classification,2
respect,2
turns,2
considered,2
accumu,2
detailed,2
removing,2
fine,2
51529,2
cken,2
py,2
better,2
inferred,2
ilarly,2
ranges,2
typically,2
benefit,2
overall,2
mechanism,2
e2,2
includes,2
oo,2
capture,2
wide,2
identified,2
votta,2
planck,2
logs,2
isglobal,2
greater,2
manual,2
codebase,2
mirror,2
41,2
lection,2
against,2
heuristic,2
converted,2
according,2
call,2
formal,2
having,2
attachments,2
700,2
agp,2
cleaning,2
bins,2
compared,2
steadily,2
columbia,2
91,2
sized,2
ful,2
outlines,2
sigplan,2
volume,2
candidate,2
distance,2
eq,2
listed,2
excluded,2
events,2
non,2
cvsroot,2
validation,2
1994,2
period,2
illus,2
computation,2
interpreted,2
spent,2
f2,2
list,2
beyond,2
relating,2
28,2
goals,2
sept,2
stroulia,2
leave,2
addresses,2
follow,2
view,2
indicator,2
stu,2
yourdon,2
active,2
op,2
parts,2
compliment,1
succeed,1
michael,1
california,1
ftp,1
ze,1
sketches,1
static,1
particularly,1
significantly,1
sock,1
providing,1
sunday,1
predominantly,1
elements,1
conventional,1
discrete,1
pre,1
sented,1
flex,1
120,1
panel,1
application,1
plicate,1
rahul,1
jections,1
artifacts,1
ways,1
iulian,1
despite,1
june,1
st,1
introducing,1
increases,1
network,1
ser,1
dle,1
lots,1
2ghz,1
deviation,1
school,1
referred,1
invest,1
managers,1
knowing,1
05may17,1
span,1
satisfy,1
subsequent,1
sql,1
drivers,1
predic,1
mutandis,1
08,1
ent,1
66,1
textual,1
350000,1
researchers,1
paint,1
trend,1
begin,1
karen,1
gram,1
liwerski,1
largely,1
reid,1
extractable,1
eager,1
logics,1
topics,1
significance,1
fraction,1
iterated,1
pressions,1
gerber,1
prove,1
partially,1
years,1
validating,1
area,1
challenge,1
ipv4,1
risky,1
allows,1
10th,1
oregon,1
ip,1
057,1
portions,1
ocaml,1
defect,1
reliable,1
cher,1
answering,1
ar,1
practices,1
verti,1
calculations,1
greg,1
nov,1
ters,1
fair,1
precision,1
step,1
apic,1
lncs,1
breakdown,1
324,1
irrelevant,1
learn,1
represent,1
wait,1
cations,1
expres,1
linking,1
265,1
displays,1
makes,1
ferent,1
eral,1
proj,1
seen,1
refers,1
deutsche,1
thesis,1
server,1
bit,1
empty,1
nec,1
try,1
tained,1
dy,1
soon,1
collection,1
kl,1
concurrent,1
slurp,1
88,1
421,1
450,1
ram,1
77,1
prepend,1
labelled,1
infer,1
commit,1
iments,1
improperly,1
accordingly,1
418,1
applying,1
1analyzing,1
society,1
110,1
fairly,1
excerpt,1
inves,1
snapshots,1
depend,1
proximity,1
clusters,1
plot,1
portland,1
digest,1
state,1
field,1
09,1
fedora,1
diagram,1
anonymous,1
slew,1
collects,1
disagrees,1
differencing,1
743,1
decide,1
marize,1
mutatis,1
efficient,1
comparison,1
klaven,1
partic,1
necessarily,1
104,1
constantine,1
uk,1
documen,1
substantial,1
similarity,1
wrong,1
lifecycle,1
tributed,1
arrays,1
150000,1
analyz,1
seman,1
plied,1
unable,1
briefly,1
generation,1
background,1
master,1
addi,1
choices,1
sake,1
broad,1
matters,1
visible,1
saturdays,1
reporter,1
disambiguate,1
1991,1
reorder,1
giving,1
rhetoric,1
niques,1
gregate,1
symposium,1
captures,1
separately,1
recent,1
exceptions,1
image,1
interactions,1
charc,1
tax,1
739,1
constructs,1
cohesion,1
propa,1
287,1
sity,1
apr,1
hypothesis,1
happen,1
tigate,1
refining,1
neither,1
investi,1
european,1
clients,1
liu,1
phd,1
assigning,1
investigating,1
formation,1
phase,1
conflict,1
mitigated,1
wcre,1
jfoster,1
corrections,1
searching,1
2500,1
clear,1
german,1
isomorphism,1
itory,1
392,1
appear,1
differ,1
stoyle,1
neighbouring,1
perfor,1
wong,1
yond,1
measurements,1
institute,1
50000,1
dynamically,1
300000,1
studies,1
mid,1
sible,1
copyright2005acm1,1
tems,1
lacks,1
correct,1
grouping,1
importing,1
750,1
onto,1
055,1
639,1
evaluate,1
coding,1
visualizations,1
insufficient,1
361,1
ready,1
effect,1
necessary,1
result,1
interface,1
enter,1
iden,1
mitted,1
essentially,1
25th,1
opportunity,1
methodology,1
dual,1
came,1
digits,1
visu,1
336,1
consists,1
namic,1
represented,1
der,1
candidates,1
mcpeak,1
validate,1
rank,1
enhancement,1
track,1
scoring,1
ponents,1
revi,1
just,1
docs,1
509,1
unexpected,1
intended,1
saintlouis,1
ef,1
focuses,1
evaluating,1
characterizing,1
oriented,1
aggregates,1
chairs,1
tor,1
fore,1
traversal,1
instruction,1
intention,1
automated,1
anticipated,1
estimates,1
hypotheses,1
self,1
tential,1
lowing,1
fragment,1
100000,1
determined,1
sam,1
effective,1
uni,1
representing,1
tabulate,1
tz,1
mirroing,1
899,1
aggregate,1
biff,1
sometimes,1
estimated,1
craig,1
exception,1
habit,1
mak,1
2times,1
create,1
compute,1
fixpoint,1
renam,1
instances,1
35,1
tailed,1
wrote,1
insights,1
tivated,1
rule,1
matched,1
bad,1
induces,1
daemon,1
79,1
forward,1
text2,1
formatted,1
indicating,1
build,1
outcome,1
i386,1
152,1
unchanged,1
250000,1
store,1
verlag,1
nearly,1
rich,1
christian,1
ersion2,1
prone,1
350,1
programmer,1
opposed,1
goal,1
viewers,1
387,1
mierle,1
wilson,1
initializers,1
possi,1
variant,1
loads,1
bi,1
categorize,1
wisdom,1
checkout,1
risk,1
unconfirmed,1
computing,1
900,1
scan,1
vis,1
dence,1
distribu,1
laven,1
linked,1
additional,1
87,1
man,1
wireless,1
annotated,1
prediction,1
fis,1
dividing,1
nce,1
exploring,1
architecture,1
mpg,1
framework,1
im,1
suggestions,1
rx,1
tually,1
2001,1
groups,1
fse,1
53284,1
sys,1
010,1
281,1
doesn,1
correspond,1
provide,1
electrical,1
2each,1
vice,1
structors,1
finish,1
dents,1
extend,1
way,1
reason,1
avoids,1
checking,1
formerly,1
shed,1
ds,1
ordinary,1
trained,1
scotland,1
reporting,1
228,1
outs,1
1400,1
mas,1
eventually,1
flexible,1
1979,1
linefeed,1
270,1
radius,1
transformation,1
assumption,1
inserting,1
weimer,1
kate,1
tabs,1
forschungsgemeinschaft,1
ables,1
central,1
incidence,1
1gb,1
named,1
commas,1
checker,1
components,1
syntactically,1
408,1
programme,1
43,1
gcc,1
jacek,1
amount,1
plexity,1
tricky,1
assembled,1
scheduled,1
inferring,1
modify,1
object,1
key,1
now,1
marron,1
reverse,1
assitance,1
referenced,1
chosen,1
alternate,1
summarize,1
convienient,1
completely,1
machines,1
cal,1
purpose,1
existing,1
problematic,1
alternative,1
fall,1
ig,1
935,1
supplied,1
least,1
213,1
strings,1
base,1
individuals,1
begins,1
amsterdam,1
web,1
know,1
filter,1
transformers,1
generatemaps,1
meant,1
oper,1
asserts,1
strongest,1
bugdb,1
eleni,1
solution,1
newlines,1
clude,1
1999,1
maximum,1
mwh,1
fidence,1
lindig,1
fol,1
principles,1
sign,1
home,1
tracks,1
presumes,1
confi,1
michelle,1
um,1
234,1
extracts,1
describes,1
exhaustive,1
spaces1,1
645,1
252,1
kevin,1
making,1
demic,1
lifetimes1,1
informally,1
specialized,1
discussed,1
parses,1
guidance,1
sequences,1
ularly,1
pects,1
sage,1
36,1
cover,1
positions,1
ations,1
str,1
hold,1
structural,1
059,1
correlates,1
semantically,1
241,1
thomas,1
modifies,1
older,1
discovers,1
textually,1
shorter,1
mix,1
import,1
id,1
operation,1
boolean,1
largest,1
visually,1
954,1
condition,1
transformations,1
modules,1
calculated,1
ersion1,1
difficulties,1
port,1
tics,1
presence,1
slightly,1
supporting,1
soundness,1
formations,1
entries,1
yesterday,1
external,1
netherlands,1
ongoing,1
sequence,1
temporal,1
poor,1
fixing,1
remove,1
likewise,1
658,1
popl,1
plications,1
pr,1
208,1
debugging,1
cutoff,1
bles,1
133,1
plotting,1
san,1
struggling,1
deep,1
submaps,1
necula,1
gvwilson,1
affected,1
p4dti,1
date,1
scales,1
sigsoft,1
704,1
aca,1
marginal,1
distributions,1
capital,1
111,1
xml,1
subset,1
takes,1
easy,1
2nd,1
hdreg,1
278,1
contribute,1
alyzes,1
processor,1
indents,1
po,1
reached,1
timely,1
assertions,1
tracting,1
245,1
solely,1
comprising,1
meaning,1
note,1
presenting,1
ings,1
scheme,1
valuable,1
acheive,1
resolution,1
erties,1
58,1
supply,1
sumption,1
helped,1
raised,1
ag,1
range,1
sz,1
rates,1
evolu,1
determines,1
defects,1
439,1
tcp,1
indeed,1
stream,1
appro,1
status,1
metric,1
revealed,1
jose,1
client,1
weighing,1
mo,1
expect,1
management,1
strategy,1
token,1
constraints,1
525,1
actually,1
249,1
ones,1
intermediate,1
called,1
starts,1
asm,1
barnes,1
produces,1
560,1
again,1
annotates,1
testsuite,1
locating,1
972,1
ception,1
perform,1
park,1
moment,1
globals,1
character,1
literals,1
represen,1
enumeration,1
necting,1
still,1
grant,1
ated,1
assume,1
un,1
gz,1
implicitly,1
liable,1
linearly,1
defined,1
rithm,1
structs,1
ferences,1
ability,1
200000,1
1500,1
tistical,1
reordered,1
correla,1
delta,1
next,1
generally,1
implement,1
overview,1
disregard,1
leaf,1
esec,1
detection,1
priate,1
automating,1
header,1
funded,1
combine,1
true,1
fectiveness,1
ample,1
visualize,1
actions,1
involving,1
keywords,1
knowledge,1
den,1
denotes,1
dataset,1
occurred,1
definition,1
func,1
weibgerber,1
exper,1
graves,1
rectly,1
simplified,1
category,1
400000,1
reconstruct,1
propose,1
alphanumeric,1
shall,1
evaluated,1
counts,1
deleting,1
pose,1
sacrifices,1
tries,1
occasionally,1
concept,1
whole,1
922,1
saarland,1
literal,1
under,1
prop,1
sliwers,1
siy,1
fast,1
tended,1
surprised,1
storing,1
filtering,1
loc,1
cell,1
sigact,1
concerning,1
useful,1
hot,1
randomly,1
482,1
ending,1
beliefs,1
deadlines,1
io,1
ported,1
discussions,1
maryland,1
3000,1
invaluable,1
performs,1
suppose,1
attached,1
resolutions,1
mance,1
foster,1
ahead,1
victoria,1
evalua,1
longer,1
branches,1
implementa,1
performed,1
freely,1
numeric,1
tual,1
typical,1
connecting,1
rics,1
supported,1
integer,1
beasts,1
her,1
plex,1
mis,1
matter,1
sta,1
terminal,1
kind,1
essary,1
decreasing,1
502,1
html,1
fault,1
explored,1
surements,1
latest,1
194,1
configured,1
classifying,1
finds,1
tify,1
1687,1
combination,1
581,1
rapidly,1
explains,1
straight,1
begun,1
appli,1
visions,1
halting,1
bierman,1
183,1
mpi,1
entropy,1
16th,1
97,1
softevo,1
introduces,1
130,1
brevity,1
required,1
core,1
comparing,1
inspected,1
coupling,1
naming,1
omitted,1
icse,1
beneficial,1
meanings,1
rection,1
debugger,1
478,1
patch,1
207,1
explaining,1
wei,1
andreas,1
sion,1
decided,1
facility,1
develop,1
pldi,1
induced,1
activity,1
combined,1
novel,1
infrequent,1
actual,1
detectorname,1
preparation,1
thank,1
writes,1
deltas,1
168,1
started,1
newline,1
simply,1
observable,1
illustrate,1
except,1
iris,1
unions,1
summarizing,1
211,1
150,1
karr,1
graphs,1
755,1
light,1
describing,1
removes,1
2304,1
productivity,1
showing,1
word,1
during,1
springer,1
stable,1
operators,1
518,1
243,1
dent,1
merits,1
accompanying,1
pertinent,1
recommending,1
vary,1
usefully,1
spots,1
lecture,1
disambiguation,1
sewell,1
tar,1
ects,1
historic,1
suppressing,1
together,1
structured,1
52,1
considering,1
define,1
rc,1
towards,1
foundations,1
continue,1
possible,1
ally,1
parsers,1
clump,1
deal,1
1consider,1
agement,1
enhancements,1
assist,1
college,1
compare,1
secure,1
jeffrey,1
might,1
ti,1
nore,1
bearing,1
gen,1
conservative,1
stops,1
xa,1
exploited,1
sched,1
today,1
1990,1
327,1
669,1
respon,1
usable,1
associ,1
xeon,1
extraction,1
repos,1
located,1
prefer,1
technical,1
visualizing,1
administrative,1
nt,1
cgi,1
populating,1
resulting,1
marking,1
hoping,1
access,1
directory,1
york,1
experiment,1
insensitive,1
trends,1
pointers,1
memory,1
item,1
maintain,1
